,count,mean,std,min,25%,50%,75%,max,skew,kurt
Dst Port,2503859.0,6677.931640625,15569.5400390625,0.0,53.0,80.0,3389.0,65534.0,2.5272582,4.7243986
Protocol,2503859.0,8.570235252380371,4.805347442626953,0.0,6.0,6.0,6.0,17.0,1.1093261,-0.51273996
Flow Duration,2503859.0,10556328.0,815964416.0,-919011000320.0,316.0,11205.0,2035149.0,120000000.0,-927.65924,912999.0
Tot Fwd Pkts,2503859.0,5.75132417678833,59.111385345458984,1.0,1.0,2.0,6.0,43159.0,367.78165,223250.56
Tot Bwd Pkts,2503859.0,6.878654956817627,144.73838806152344,0.0,1.0,1.0,5.0,69241.0,234.05939,92767.12
TotLen Fwd Pkts,2503859.0,421.05963134765625,17483.3828125,0.0,0.0,44.0,364.0,8737314.0,474.50082,228443.03
TotLen Bwd Pkts,2503859.0,4888.9638671875,209155.546875,0.0,0.0,97.0,543.0,101000000.0,239.63022,96201.836
Fwd Pkt Len Max,2503859.0,179.67547607421875,276.72467041015625,0.0,0.0,40.0,326.0,64440.0,19.641335,3370.6985
Fwd Pkt Len Min,2503859.0,10.24938678741455,21.709150314331055,0.0,0.0,0.0,0.0,1460.0,8.835448,325.96405
Fwd Pkt Len Mean,2503859.0,46.24745178222656,57.06575012207031,0.0,0.0,35.66666793823242,69.42105102539062,14973.115234375,23.43601,4179.4224
Fwd Pkt Len Std,2503859.0,59.936073303222656,91.9134292602539,0.0,0.0,0.0,108.31756591796875,15760.837890625,6.65331,740.94794
Bwd Pkt Len Max,2503859.0,338.5816650390625,498.0226745605469,0.0,0.0,87.0,488.0,2708.0,1.2656143,-0.087673865
Bwd Pkt Len Min,2503859.0,24.518613815307617,49.94715118408203,0.0,0.0,0.0,0.0,1430.0,2.2231593,5.713441
Bwd Pkt Len Mean,2503859.0,105.9437484741211,170.7813720703125,0.0,0.0,58.0,133.53334045410156,1459.6201171875,3.6270692,17.813448
Bwd Pkt Len Std,2503859.0,119.88456726074219,196.57752990722656,0.0,0.0,0.0,244.0,1032.3758544921875,1.4545919,0.77795017
Flow Byts/s,2503859.0,266114.1875,3948140.75,0.0,0.0,796.5465698242188,40109.30859375,1298499968.0,57.371384,9260.661
Flow Pkts/s,2503859.0,109899.1328125,383631.46875,-0.0010297608096152544,6.746638298034668,609.5968017578125,7722.0078125,4000000.0,4.283558,18.683807
Flow IAT Mean,2503859.0,2944282.75,215957744.0,-340700987392.0,216.0,2202.666748046875,162102.0,120000000.0,-1568.3772,2474146.5
Flow IAT Std,2503859.0,1550501.625,474552736.0,0.0,0.0,0.0,148122.125,424473886720.0,823.54535,690010.1
Flow IAT Max,2503859.0,6699791.5,990300480.0,-159437996032.0,276.0,10262.0,953151.0,979781025792.0,912.817,853750.9
Flow IAT Min,2503859.0,1333180.5,1061884992.0,-943563997184.0,3.0,41.0,486.0,120000000.0,-832.9206,707000.56
Fwd IAT Tot,2503859.0,10198875.0,815959488.0,-919011000320.0,0.0,544.0,1474232.0,120000000.0,-927.6748,913019.56
Fwd IAT Mean,2503859.0,3278871.25,215986432.0,-340700987392.0,0.0,448.0,242497.2109375,120000000.0,-1567.7568,2472841.8
Fwd IAT Std,2503859.0,1554092.375,474551616.0,0.0,0.0,0.0,54180.025390625,424473886720.0,823.5512,690016.7
Fwd IAT Max,2503859.0,6455126.5,990297984.0,-159437996032.0,0.0,509.0,1041475.5,979781025792.0,912.8246,853760.3
Fwd IAT Min,2503859.0,1519010.625,1061891520.0,-943563997184.0,0.0,47.0,310.0,120000000.0,-832.90564,706983.7
Bwd IAT Tot,2503859.0,7404530.0,25497374.0,0.0,0.0,0.0,385115.5,120000000.0,3.677545,12.054755
Bwd IAT Mean,2503859.0,815683.625,4689813.5,0.0,0.0,0.0,62199.125,120000000.0,14.351169,257.97137
Bwd IAT Std,2503859.0,813335.25,3252742.25,0.0,0.0,0.0,32897.279296875,84800000.0,6.6997943,58.3916
Bwd IAT Max,2503859.0,2467080.5,10030811.0,0.0,0.0,0.0,159369.5,120000000.0,5.727161,34.931374
Bwd IAT Min,2503859.0,289136.15625,4023624.0,0.0,0.0,0.0,26.0,120000000.0,19.830723,446.8012
Fwd PSH Flags,2503859.0,0.034407686442136765,0.1822739988565445,0.0,0.0,0.0,0.0,1.0,5.108712,24.098953
Bwd PSH Flags,2503859.0,0.0,0.0,0.0,0.0,0.0,0.0,0.0,0.0,0.0
Fwd URG Flags,2503859.0,0.0,0.0,0.0,0.0,0.0,0.0,0.0,0.0,0.0
Bwd URG Flags,2503859.0,0.0,0.0,0.0,0.0,0.0,0.0,0.0,0.0,0.0
Fwd Header Len,2503859.0,128.68528747558594,2479.946044921875,0.0,16.0,40.0,132.0,2275036.0,669.0557,537099.6
Bwd Header Len,2503859.0,150.7942352294922,2887.1650390625,0.0,8.0,20.0,112.0,1384832.0,235.11772,93659.27
Fwd Pkts/s,2503859.0,65663.7734375,254743.96875,0.0,3.7187975645065308,265.839599609375,4166.66650390625,4000000.0,5.98796,43.87547
Bwd Pkts/s,2503859.0,44235.35546875,168640.40625,0.0,0.12788093090057373,9.993904113769531,1113.585693359375,2000000.0,4.7971215,25.024658
Pkt Len Min,2503859.0,10.123348236083984,20.504322052001953,0.0,0.0,0.0,0.0,1460.0,4.8262787,86.18255
Pkt Len Max,2503859.0,354.5966491699219,503.5992126464844,0.0,0.0,90.0,488.0,64440.0,4.168302,302.69366
Pkt Len Mean,2503859.0,72.74317169189453,109.78450775146484,0.0,0.0,50.0,92.46154022216797,3058.1845703125,4.2437906,28.09897
Pkt Len Std,2503859.0,107.37004852294922,154.533447265625,0.0,0.0,30.022214889526367,173.78758239746094,8810.7685546875,1.9156678,14.161642
Pkt Len Var,2503859.0,35408.91015625,115559.90625,0.0,0.0,901.3333129882812,30202.125,77629640.0,273.89536,153920.7
FIN Flag Cnt,2503859.0,0.004030977841466665,0.06336189806461334,0.0,0.0,0.0,0.0,1.0,15.655131,243.08328
SYN Flag Cnt,2503859.0,0.034407686442136765,0.1822739988565445,0.0,0.0,0.0,0.0,1.0,5.108712,24.098953
RST Flag Cnt,2503859.0,0.1223902776837349,0.3277360796928406,0.0,0.0,0.0,0.0,1.0,2.3043544,3.310051
PSH Flag Cnt,2503859.0,0.4513133466243744,0.49762406945228577,0.0,0.0,0.0,1.0,1.0,0.1956766,-1.9617121
ACK Flag Cnt,2503859.0,0.29115936160087585,0.45429688692092896,0.0,0.0,0.0,1.0,1.0,0.91940236,-1.1547003
URG Flag Cnt,2503859.0,0.0667797178030014,0.24964016675949097,0.0,0.0,0.0,0.0,1.0,3.4707608,10.046186
CWE Flag Count,2503859.0,0.0,0.0,0.0,0.0,0.0,0.0,0.0,0.0,0.0
ECE Flag Cnt,2503859.0,0.12238948047161102,0.32773515582084656,0.0,0.0,0.0,0.0,1.0,2.3043659,3.3101032
Down/Up Ratio,2503859.0,0.5759421586990356,0.7292026281356812,0.0,0.0,1.0,1.0,148.0,37.909256,4376.586
Pkt Size Avg,2503859.0,83.18938446044922,113.92606353759766,0.0,0.0,65.0,109.5,3063.46630859375,3.8540888,24.425003
Fwd Seg Size Avg,2503859.0,46.24745178222656,57.06575012207031,0.0,0.0,35.66666793823242,69.42105102539062,14973.115234375,23.43601,4179.4224
Bwd Seg Size Avg,2503859.0,105.9437484741211,170.7813720703125,0.0,0.0,58.0,133.53334045410156,1459.6201171875,3.6270692,17.813448
Fwd Byts/b Avg,2503859.0,0.0,0.0,0.0,0.0,0.0,0.0,0.0,0.0,0.0
Fwd Pkts/b Avg,2503859.0,0.0,0.0,0.0,0.0,0.0,0.0,0.0,0.0,0.0
Fwd Blk Rate Avg,2503859.0,0.0,0.0,0.0,0.0,0.0,0.0,0.0,0.0,0.0
Bwd Byts/b Avg,2503859.0,0.0,0.0,0.0,0.0,0.0,0.0,0.0,0.0,0.0
Bwd Pkts/b Avg,2503859.0,0.0,0.0,0.0,0.0,0.0,0.0,0.0,0.0,0.0
Bwd Blk Rate Avg,2503859.0,0.0,0.0,0.0,0.0,0.0,0.0,0.0,0.0,0.0
Subflow Fwd Pkts,2503859.0,5.75132417678833,59.111385345458984,1.0,1.0,2.0,6.0,43159.0,367.78165,223250.56
Subflow Fwd Byts,2503859.0,421.05963134765625,17483.3828125,0.0,0.0,44.0,364.0,8737314.0,474.50082,228443.03
Subflow Bwd Pkts,2503859.0,6.878654956817627,144.73838806152344,0.0,1.0,1.0,5.0,69241.0,234.05939,92767.12
Subflow Bwd Byts,2503859.0,4889.05712890625,209174.71875,0.0,0.0,97.0,543.0,100999672.0,239.64401,96203.984
Init Fwd Win Byts,2503859.0,7580.06103515625,12326.0,-1.0,-1.0,2052.0,8192.0,65535.0,2.7896717,8.958811
Init Bwd Win Byts,2503859.0,7697.03271484375,20059.365234375,-1.0,-1.0,0.0,230.0,65535.0,2.3495202,3.5904021
Fwd Act Data Pkts,2503859.0,2.2521355152130127,9.736431121826172,0.0,0.0,0.0,3.0,9262.0,518.6958,438539.72
Fwd Seg Size Min,2503859.0,19.106277465820312,8.806509971618652,0.0,8.0,20.0,20.0,56.0,0.512156,0.3967798
Active Mean,2503859.0,96399.9375,1375254.5,0.0,0.0,0.0,0.0,111992360.0,40.8403,2128.4023
Active Std,2503859.0,44040.84765625,774565.125,0.0,0.0,0.0,0.0,60177112.0,47.703896,2562.4333
Active Max,2503859.0,154638.59375,1804045.375,0.0,0.0,0.0,0.0,111992360.0,33.006298,1300.6349
Active Min,2503859.0,69326.3203125,1190223.5,0.0,0.0,0.0,0.0,111992360.0,53.31042,3498.4277
Idle Mean,2503859.0,4171511.25,350638592.0,0.0,0.0,0.0,0.0,339450298368.0,919.2139,850747.3
Idle Std,2503859.0,423216.40625,247212464.0,0.0,0.0,0.0,0.0,243268206592.0,926.32263,864995.06
Idle Max,2503859.0,5000844.0,985099840.0,0.0,0.0,0.0,0.0,979781025792.0,929.0498,871655.2
Idle Min,2503859.0,3655782.5,17235456.0,0.0,0.0,0.0,0.0,12602999808.0,204.09836,133038.89
