feature_set,n_features,model,train_time_s,f1_macro,f1_weighted,precision_macro,recall_macro,auc_roc_macro,latency_ms,throughput,model_size_mb
Full,78,RandomForest,583.8777186999796,0.9998516932770909,0.999963255670579,0.9998888237558178,0.9998145777751062,0.9999936777690032,0.007198132163935112,138924.92902677058,27.008174896240234
Full,78,LinearSVM,9788.43925309999,0.968048229657049,0.9787439349185982,0.947710905619343,0.9927424647389113,0.9984012580409143,0.0022441459187169193,445603.82266574976,0.004164695739746094
Full,78,MLP,980.7338020000025,0.9988532629963441,0.9998771046758641,0.997959871643639,0.9997564475886788,0.9999769089394008,0.042598232329280526,23475.15249623716,0.22191619873046875
Full,78,CNN,3161.9333887000103,0.9919096654830643,0.9993670167168063,0.984764567437773,0.9997122057873503,0.9999801473964683,0.06945971563903167,14396.834061296784,0.6315813064575195
MI-top20,20,RandomForest,440.87669919998734,0.9999311235565003,0.9999696459891545,0.9999656874800494,0.999896573675239,0.999983068486377,0.005643246507366868,177202.96263765355,16.784839630126953
MI-top20,20,LinearSVM,3172.461038599984,0.8666335429902675,0.9350496727104305,0.8843986567351818,0.8568922662102328,0.9904741687220794,0.0007731293282846951,1293444.6585006055,0.0015096664428710938
MI-top20,20,MLP,1550.5105482999934,0.9940961713199424,0.9995986519779618,0.9944406144671825,0.9937569301119606,0.9999607128462006,0.03208054411988384,31171.541114235348,0.13698577880859375
MI-top20,20,CNN,670.967364400014,0.9695340832303861,0.9972982430978532,0.9507649956060661,0.993928065122696,0.9999246465650184,0.02475225419951265,40400.3607889454,0.1940021514892578
RFE-top20,20,RandomForest,410.57759090000764,0.9999287295527863,0.9999680484655751,0.9999612442118674,0.9998962279210315,0.9999836398294079,0.005850663695239326,170920.7796055169,18.34657859802246
RFE-top20,20,LinearSVM,6013.508611600002,0.9255080911755943,0.9748505988252554,0.9129373401327535,0.9450586616795847,0.9919285275593502,0.00112098008673133,892076.5068324307,0.0015096664428710938
RFE-top20,20,MLP,2066.1840530000045,0.9980929068615138,0.9998307537710059,0.9976660807577801,0.9985218017614871,0.9999845389203723,0.03477198102132116,28758.787121930993,0.13698577880859375
RFE-top20,20,CNN,694.6150000000198,0.9704320203206208,0.9974948218397887,0.951744835800609,0.9938481173797714,0.9998221885326194,0.0257261778214814,38870.912225639615,0.1940021514892578
PCA-95%,23,RandomForest,754.3918870000052,0.9997615112291903,0.9999616583228503,0.9998052985057798,0.9997177491799153,0.9999831762002541,0.005611388815670182,178209.00187979,15.558088302612305
PCA-95%,23,LinearSVM,4004.9960049999936,0.9000921336006992,0.9763738465773423,0.8584927702482411,0.9869306205147962,0.9973727174330455,0.0002793903812259711,3579221.28747589,0.0016469955444335938
PCA-95%,23,MLP,1029.5420318999968,0.9988900307181536,0.9998611131785962,0.9980783005467645,0.9997092705582431,0.9999351471123276,0.014204718314915874,70399.1432867722,0.1413869857788086
PCA-95%,23,CNN,1214.4437550999864,0.9872155318182533,0.9977780008694305,0.9762994239186238,0.9991773788218125,0.99990870794477,0.02812046024939216,35561.29562358837,0.19405364990234375
